corpus,universe,nominal_tokens,actual_tokens,sentences,documents,initial_objects,observed_contexts,positive_records,universe_contexts,context_tests,effective_splitters,block_splits,refinement_rounds,membership_queries,final_classes,singleton_classes,nontrivial_classes,objects_in_nontrivial_classes,largest_class,largest_class_ratio,median_class_size,p95_class_size,terminal_objects,terminal_classes,largest_terminal_class,terminal_only_objects,empty_signature_objects,largest_class_excluding_empty_signature,single_context_objects,nontrivial_classes_single_context,nontrivial_classes_multi_context,objects_in_multi_context_classes,largest_multi_context_class,common_objects_prev,changed_pairs_prev,changed_pair_share_prev,pairs_split_prev,pairs_merged_prev,pos_labeled_objects,within_class_pos_purity,within_class_labeled_pairs,pairwise_same_pos_precision,oracle_identical,oracle_classes,v23_ran,v23_classes,v23_largest_class,v23_same_class_pairs,v23_pairs_separated_by_v24,v24_same_class_pairs,v24_pairs_separated_by_v23,v23_accepted_merges,v23_accepted_separated,v23_empty_frame_accepted,v23_empty_frame_accepted_separated,v23_internal_accepted,v23_internal_accepted_separated,table_build_seconds,refinement_seconds,v23_runtime_seconds,peak_rss_mb
pes2o,all_frames,100000,100022,3253,15,108058,287853,288027,287853,108020,107993,107997,2,576054,107998,107975,23,83,35,0.000324,1,1,78,44,35,35,0,35,81604,23,0,0,0,0,0,0.000000,0,0,3253,1.000000,0,-1,1,107998,0,0,0,0,0,0,0,0,0,0,0,0,0,0.617044,0.084414,0.000000,282.742188
pes2o,internal_only,100000,100022,3253,15,108058,287853,288027,269269,102559,102547,102548,2,538598,102549,102537,12,5521,5499,0.050889,1,1,78,41,38,0,5499,2,77745,11,0,0,0,0,0,0.000000,0,0,3253,0.989856,2016,0.277282,1,102549,0,0,0,0,0,0,0,0,0,0,0,0,0,0.617044,0.075638,0.000000,283.867188
pes2o,boundary_frames,100000,100022,3253,15,108058,287853,288027,18584,9876,9851,9854,2,37456,9855,9832,23,98226,98129,0.908114,1,1,78,34,45,45,98129,45,8022,22,0,0,0,0,0,0.000000,0,0,3253,0.552106,2717952,0.264737,1,9855,0,0,0,0,0,0,0,0,0,0,0,0,0,0.617044,0.026089,0.000000,283.867188
pes2o,all_frames,200000,200020,6630,33,214140,571538,571915,571538,214058,214005,214019,2,1143830,214020,213981,39,159,77,0.000360,1,1,181,105,77,77,0,77,165453,39,0,0,0,108058,105,0.000000,105,0,4844,1.000000,0,-1,1,214020,0,0,0,0,0,0,0,0,0,0,0,0,0,1.266071,0.166187,0.000000,370.492188
pes2o,internal_only,200000,200020,6630,33,214140,571538,571915,534070,203089,203070,203072,2,1068240,203073,203055,18,11085,11051,0.051606,1,1,181,95,87,0,11051,2,157462,17,0,0,0,108058,1873520,0.000321,1873520,0,4844,0.991742,3081,0.288543,1,203073,0,0,0,0,0,0,0,0,0,0,0,0,0,1.266071,0.158610,0.000000,379.117188
pes2o,boundary_frames,200000,200020,6630,33,214140,571538,571915,37468,19356,19304,19316,2,75590,19317,19276,41,194864,194663,0.909045,1,1,181,79,103,103,194663,103,15886,40,0,0,0,108058,127981078,0.021921,127980909,169,4844,0.581131,5315451,0.269801,1,19317,0,0,0,0,0,0,0,0,0,0,0,0,0,1.266071,0.059346,0.000000,379.242188
pes2o,all_frames,400000,400036,13054,74,381544,1146724,1147567,1146724,381418,381292,381348,2,2295134,381349,381286,63,258,118,0.000309,1,1,327,210,118,118,0,118,291354,63,0,0,0,214140,231,0.000000,231,0,5994,1.000000,0,-1,1,381349,0,0,0,0,0,0,0,0,0,0,0,0,0,2.812289,0.364687,0.000000,490.812500
pes2o,internal_only,400000,400036,13054,74,381544,1146724,1147567,1073275,362528,362485,362496,2,2146856,362497,362473,24,19071,19025,0.049863,1,1,327,191,137,0,19025,2,277821,23,0,0,0,214140,7220901,0.000315,7220901,0,5994,0.992159,4560,0.303070,1,362497,0,0,0,0,0,0,0,0,0,0,0,0,0,2.812289,0.364515,0.000000,511.687500
pes2o,boundary_frames,400000,400036,13054,74,381544,1146724,1147567,73449,34109,33991,34029,2,148278,34030,33949,81,347595,347224,0.910050,1,1,327,157,171,171,347224,171,27449,80,0,0,0,214140,473731103,0.020662,473730433,670,5994,0.610110,7036905,0.269361,1,34030,0,0,0,0,0,0,0,0,0,0,0,0,0,2.812289,0.121251,0.000000,511.687500
pes2o,all_frames,1000000,1000009,33225,174,867768,2842063,2844432,2842063,867569,867138,867289,2,5688864,867290,867108,182,660,238,0.000274,1,1,694,457,238,238,0,238,658990,179,3,6,2,381544,1039,0.000000,1039,0,7630,1.000000,0,-1,1,867290,0,0,0,0,0,0,0,0,0,0,0,0,0,8.248077,0.954640,0.000000,795.007812
pes2o,internal_only,1000000,1000009,33225,174,867768,2842063,2844432,2655648,824556,824350,824377,2,5312624,824378,824289,89,43479,43291,0.049888,1,1,694,424,271,0,43291,7,628215,85,3,6,2,381544,34923210,0.000480,34923210,0,7630,0.994233,4656,0.340851,1,824378,0,0,0,0,0,0,0,0,0,0,0,0,0,8.248077,0.801555,0.000000,809.941406
pes2o,boundary_frames,1000000,1000009,33225,174,867768,2842063,2844432,186415,78688,78381,78497,2,376240,78498,78310,188,789458,788595,0.908762,1,1,694,326,369,369,788595,369,63084,187,0,0,0,381544,2418316093,0.033224,2418314168,1925,7630,0.663041,8374294,0.265777,1,78498,0,0,0,0,0,0,0,0,0,0,0,0,0,8.248077,0.280806,0.000000,809.941406
pes2o,all_frames,10000000,10000014,346599,1998,6321550,28387854,28417185,28387854,6318852,6314476,6316983,2,56834370,6316984,6315482,1502,6068,1832,0.000290,1,1,5929,4097,1832,1832,0,1832,4729100,1480,22,44,2,867768,11688,0.000000,11688,0,11389,0.999912,1,0.000000,1,6316984,0,0,0,0,0,0,0,0,0,0,0,0,0,136.540663,11.733311,0.000000,4374.925781
pes2o,internal_only,10000000,10000014,346599,1998,6321550,28387854,28417185,26463372,6000642,5999199,5999678,2,52940636,5999679,5999038,641,322512,321095,0.050794,1,1,5929,3841,2089,0,321095,12,4504000,621,19,38,2,867768,455401575,0.001210,455401575,0,11389,0.996224,3160,0.319620,1,5999679,0,0,0,0,0,0,0,0,0,0,0,0,0,136.540663,10.814300,0.000000,4374.925781
pes2o,boundary_frames,10000000,10000014,346599,1998,6321550,28387854,28417185,1924482,609739,606008,607988,2,3893734,607989,606307,1682,5715243,5706475,0.902702,1,1,5929,2944,2979,2979,5706475,2979,486645,1665,16,39,4,867768,45005459948,0.119533,45005431719,28229,11389,0.778558,7176421,0.248204,1,607989,0,0,0,0,0,0,0,0,0,0,0,0,0,136.540663,2.755150,0.000000,4374.925781
pes2o,all_frames,20000000,20000017,694910,3950,11212285,56808023,56872885,56808023,11206306,11197420,11202776,2,113745770,11202777,11199846,2931,12439,3428,0.000306,1,1,11414,7985,3428,3428,0,3428,8303311,2891,40,87,5,6321550,322105,0.000000,322104,1,12163,1.000000,0,-1,1,11202777,0,0,0,0,0,0,0,0,0,0,0,0,0,330.423872,30.009954,0.000000,9676.246094
pes2o,internal_only,20000000,20000017,694910,3950,11212285,56808023,56872885,52952811,10645879,10642883,10644067,2,105937462,10644068,10642799,1269,569486,566590,0.050533,1,1,11414,7516,3899,0,566590,21,7910665,1237,31,62,2,6321550,10332896832,0.000517,10332896830,2,12163,0.996711,2556,0.282081,1,10644068,0,0,0,0,0,0,0,0,0,0,0,0,0,330.423872,22.537844,0.000000,9676.246094
pes2o,boundary_frames,20000000,20000017,694910,3950,11212285,56808023,56872885,3855212,1101426,1093884,1098003,2,7808308,1098004,1094729,3275,10117556,10099411,0.900745,1,1,11414,5815,5580,5580,10099411,5580,874159,3237,37,92,5,6321550,636608458817,0.031861,636607481840,976977,12163,0.810162,5710539,0.246878,1,1098004,0,0,0,0,0,0,0,0,0,0,0,0,0,330.423872,5.635124,0.000000,9676.246094
