grammar,L,k,coverage,seed,corpus_max_len,accepted_count,retained_count,num_learned_classes,oracle_num_classes,ARI_vs_oracle,NMI_vs_oracle,pairwise_precision_vs_oracle,pairwise_recall_vs_oracle,matches_oracle,partition_hash
simple_np_vp,6,0,0.050000,1,10,4,1,2,2,0.399889,0.353319,0.999693,1.000000,0,906de75b311fa600
simple_np_vp,6,1,0.050000,1,10,4,1,4,4,0.461316,0.414928,0.999283,1.000000,0,e01337890b8bbc27
simple_np_vp,6,2,0.050000,1,10,4,1,7,7,0.571123,0.531098,0.999078,1.000000,0,da60a8aaecf98a71
simple_np_vp,6,3,0.050000,1,10,4,1,7,7,0.571123,0.531098,0.999078,1.000000,0,da60a8aaecf98a71
simple_np_vp,6,4,0.050000,1,10,4,1,7,7,0.571123,0.531098,0.999078,1.000000,0,da60a8aaecf98a71
simple_np_vp,6,0,0.050000,2,10,4,1,2,2,0.399889,0.353319,0.999693,1.000000,0,5b48dff92368da40
simple_np_vp,6,1,0.050000,2,10,4,1,4,4,0.461316,0.414928,0.999283,1.000000,0,53d837f6b1252f77
simple_np_vp,6,2,0.050000,2,10,4,1,7,7,0.571123,0.531098,0.999078,1.000000,0,070cc211b7fa6092
simple_np_vp,6,3,0.050000,2,10,4,1,7,7,0.571123,0.531098,0.999078,1.000000,0,070cc211b7fa6092
simple_np_vp,6,4,0.050000,2,10,4,1,7,7,0.571123,0.531098,0.999078,1.000000,0,070cc211b7fa6092
simple_np_vp,6,0,0.050000,3,10,4,1,2,2,0.399889,0.353319,0.999693,1.000000,0,4d68051b81c5a670
simple_np_vp,6,1,0.050000,3,10,4,1,4,4,0.461316,0.414928,0.999283,1.000000,0,d9f95901923909b7
simple_np_vp,6,2,0.050000,3,10,4,1,7,7,0.571123,0.531098,0.999078,1.000000,0,a70858778d544351
simple_np_vp,6,3,0.050000,3,10,4,1,7,7,0.571123,0.531098,0.999078,1.000000,0,a70858778d544351
simple_np_vp,6,4,0.050000,3,10,4,1,7,7,0.571123,0.531098,0.999078,1.000000,0,a70858778d544351
simple_np_vp,6,0,0.100000,1,10,4,1,2,2,0.399889,0.353319,0.999693,1.000000,0,906de75b311fa600
simple_np_vp,6,1,0.100000,1,10,4,1,4,4,0.461316,0.414928,0.999283,1.000000,0,e01337890b8bbc27
simple_np_vp,6,2,0.100000,1,10,4,1,7,7,0.571123,0.531098,0.999078,1.000000,0,da60a8aaecf98a71
simple_np_vp,6,3,0.100000,1,10,4,1,7,7,0.571123,0.531098,0.999078,1.000000,0,da60a8aaecf98a71
simple_np_vp,6,4,0.100000,1,10,4,1,7,7,0.571123,0.531098,0.999078,1.000000,0,da60a8aaecf98a71
simple_np_vp,6,0,0.100000,2,10,4,1,2,2,0.399889,0.353319,0.999693,1.000000,0,5b48dff92368da40
simple_np_vp,6,1,0.100000,2,10,4,1,4,4,0.461316,0.414928,0.999283,1.000000,0,53d837f6b1252f77
simple_np_vp,6,2,0.100000,2,10,4,1,7,7,0.571123,0.531098,0.999078,1.000000,0,070cc211b7fa6092
simple_np_vp,6,3,0.100000,2,10,4,1,7,7,0.571123,0.531098,0.999078,1.000000,0,070cc211b7fa6092
simple_np_vp,6,4,0.100000,2,10,4,1,7,7,0.571123,0.531098,0.999078,1.000000,0,070cc211b7fa6092
simple_np_vp,6,0,0.100000,3,10,4,1,2,2,0.399889,0.353319,0.999693,1.000000,0,4d68051b81c5a670
simple_np_vp,6,1,0.100000,3,10,4,1,4,4,0.461316,0.414928,0.999283,1.000000,0,d9f95901923909b7
simple_np_vp,6,2,0.100000,3,10,4,1,7,7,0.571123,0.531098,0.999078,1.000000,0,a70858778d544351
simple_np_vp,6,3,0.100000,3,10,4,1,7,7,0.571123,0.531098,0.999078,1.000000,0,a70858778d544351
simple_np_vp,6,4,0.100000,3,10,4,1,7,7,0.571123,0.531098,0.999078,1.000000,0,a70858778d544351
simple_np_vp,6,0,0.200000,1,10,4,1,2,2,0.399889,0.353319,0.999693,1.000000,0,906de75b311fa600
simple_np_vp,6,1,0.200000,1,10,4,1,4,4,0.461316,0.414928,0.999283,1.000000,0,e01337890b8bbc27
simple_np_vp,6,2,0.200000,1,10,4,1,7,7,0.571123,0.531098,0.999078,1.000000,0,da60a8aaecf98a71
simple_np_vp,6,3,0.200000,1,10,4,1,7,7,0.571123,0.531098,0.999078,1.000000,0,da60a8aaecf98a71
simple_np_vp,6,4,0.200000,1,10,4,1,7,7,0.571123,0.531098,0.999078,1.000000,0,da60a8aaecf98a71
simple_np_vp,6,0,0.200000,2,10,4,1,2,2,0.399889,0.353319,0.999693,1.000000,0,5b48dff92368da40
simple_np_vp,6,1,0.200000,2,10,4,1,4,4,0.461316,0.414928,0.999283,1.000000,0,53d837f6b1252f77
simple_np_vp,6,2,0.200000,2,10,4,1,7,7,0.571123,0.531098,0.999078,1.000000,0,070cc211b7fa6092
simple_np_vp,6,3,0.200000,2,10,4,1,7,7,0.571123,0.531098,0.999078,1.000000,0,070cc211b7fa6092
simple_np_vp,6,4,0.200000,2,10,4,1,7,7,0.571123,0.531098,0.999078,1.000000,0,070cc211b7fa6092
simple_np_vp,6,0,0.200000,3,10,4,1,2,2,0.399889,0.353319,0.999693,1.000000,0,4d68051b81c5a670
simple_np_vp,6,1,0.200000,3,10,4,1,4,4,0.461316,0.414928,0.999283,1.000000,0,d9f95901923909b7
simple_np_vp,6,2,0.200000,3,10,4,1,7,7,0.571123,0.531098,0.999078,1.000000,0,a70858778d544351
simple_np_vp,6,3,0.200000,3,10,4,1,7,7,0.571123,0.531098,0.999078,1.000000,0,a70858778d544351
simple_np_vp,6,4,0.200000,3,10,4,1,7,7,0.571123,0.531098,0.999078,1.000000,0,a70858778d544351
simple_np_vp,6,0,0.400000,1,10,4,2,2,2,0.666553,0.603310,0.999795,1.000000,0,8603b1b574214c71
simple_np_vp,6,1,0.400000,1,10,4,2,5,4,0.749821,0.699816,0.999590,1.000000,0,d3cb4e8b74ceb4c5
simple_np_vp,6,2,0.400000,1,10,4,2,10,7,0.845981,0.809518,0.999590,1.000000,0,44de3973badb4969
simple_np_vp,6,3,0.400000,1,10,4,2,10,7,0.845981,0.809518,0.999590,1.000000,0,44de3973badb4969
simple_np_vp,6,4,0.400000,1,10,4,2,10,7,0.845981,0.809518,0.999590,1.000000,0,44de3973badb4969
simple_np_vp,6,0,0.400000,2,10,4,2,2,2,0.666553,0.603310,0.999795,1.000000,0,8603b1b574214c71
simple_np_vp,6,1,0.400000,2,10,4,2,5,4,0.749821,0.699816,0.999590,1.000000,0,d3cb4e8b74ceb4c5
simple_np_vp,6,2,0.400000,2,10,4,2,10,7,0.845981,0.809518,0.999590,1.000000,0,44de3973badb4969
simple_np_vp,6,3,0.400000,2,10,4,2,10,7,0.845981,0.809518,0.999590,1.000000,0,44de3973badb4969
simple_np_vp,6,4,0.400000,2,10,4,2,10,7,0.845981,0.809518,0.999590,1.000000,0,44de3973badb4969
simple_np_vp,6,0,0.400000,3,10,4,2,2,2,0.666553,0.603310,0.999795,1.000000,0,42fdcf75c4c74ce1
simple_np_vp,6,1,0.400000,3,10,4,2,4,4,0.749824,0.705978,0.999590,1.000000,0,86870e00a1df2337
simple_np_vp,6,2,0.400000,3,10,4,2,7,7,0.799793,0.766893,0.999488,1.000000,0,7917e415abc03a26
simple_np_vp,6,3,0.400000,3,10,4,2,7,7,0.799793,0.766893,0.999488,1.000000,0,7917e415abc03a26
simple_np_vp,6,4,0.400000,3,10,4,2,7,7,0.799793,0.766893,0.999488,1.000000,0,7917e415abc03a26
simple_np_vp,6,0,0.800000,1,10,4,4,2,2,1.000000,1.000000,1.000000,1.000000,1,f6623caf09089691
simple_np_vp,6,1,0.800000,1,10,4,4,4,4,1.000000,1.000000,1.000000,1.000000,1,f487a452107909a7
simple_np_vp,6,2,0.800000,1,10,4,4,7,7,1.000000,1.000000,1.000000,1.000000,1,7bfac1e99e559577
simple_np_vp,6,3,0.800000,1,10,4,4,7,7,1.000000,1.000000,1.000000,1.000000,1,7bfac1e99e559577
simple_np_vp,6,4,0.800000,1,10,4,4,7,7,1.000000,1.000000,1.000000,1.000000,1,7bfac1e99e559577
simple_np_vp,6,0,0.800000,2,10,4,4,2,2,1.000000,1.000000,1.000000,1.000000,1,f6623caf09089691
simple_np_vp,6,1,0.800000,2,10,4,4,4,4,1.000000,1.000000,1.000000,1.000000,1,f487a452107909a7
simple_np_vp,6,2,0.800000,2,10,4,4,7,7,1.000000,1.000000,1.000000,1.000000,1,7bfac1e99e559577
simple_np_vp,6,3,0.800000,2,10,4,4,7,7,1.000000,1.000000,1.000000,1.000000,1,7bfac1e99e559577
simple_np_vp,6,4,0.800000,2,10,4,4,7,7,1.000000,1.000000,1.000000,1.000000,1,7bfac1e99e559577
simple_np_vp,6,0,0.800000,3,10,4,4,2,2,1.000000,1.000000,1.000000,1.000000,1,f6623caf09089691
simple_np_vp,6,1,0.800000,3,10,4,4,4,4,1.000000,1.000000,1.000000,1.000000,1,f487a452107909a7
simple_np_vp,6,2,0.800000,3,10,4,4,7,7,1.000000,1.000000,1.000000,1.000000,1,7bfac1e99e559577
simple_np_vp,6,3,0.800000,3,10,4,4,7,7,1.000000,1.000000,1.000000,1.000000,1,7bfac1e99e559577
simple_np_vp,6,4,0.800000,3,10,4,4,7,7,1.000000,1.000000,1.000000,1.000000,1,7bfac1e99e559577
simple_np_vp,6,0,1.000000,1,10,4,4,2,2,1.000000,1.000000,1.000000,1.000000,1,f6623caf09089691
simple_np_vp,6,1,1.000000,1,10,4,4,4,4,1.000000,1.000000,1.000000,1.000000,1,f487a452107909a7
simple_np_vp,6,2,1.000000,1,10,4,4,7,7,1.000000,1.000000,1.000000,1.000000,1,7bfac1e99e559577
simple_np_vp,6,3,1.000000,1,10,4,4,7,7,1.000000,1.000000,1.000000,1.000000,1,7bfac1e99e559577
simple_np_vp,6,4,1.000000,1,10,4,4,7,7,1.000000,1.000000,1.000000,1.000000,1,7bfac1e99e559577
simple_np_vp,6,0,1.000000,2,10,4,4,2,2,1.000000,1.000000,1.000000,1.000000,1,f6623caf09089691
simple_np_vp,6,1,1.000000,2,10,4,4,4,4,1.000000,1.000000,1.000000,1.000000,1,f487a452107909a7
simple_np_vp,6,2,1.000000,2,10,4,4,7,7,1.000000,1.000000,1.000000,1.000000,1,7bfac1e99e559577
simple_np_vp,6,3,1.000000,2,10,4,4,7,7,1.000000,1.000000,1.000000,1.000000,1,7bfac1e99e559577
simple_np_vp,6,4,1.000000,2,10,4,4,7,7,1.000000,1.000000,1.000000,1.000000,1,7bfac1e99e559577
simple_np_vp,6,0,1.000000,3,10,4,4,2,2,1.000000,1.000000,1.000000,1.000000,1,f6623caf09089691
simple_np_vp,6,1,1.000000,3,10,4,4,4,4,1.000000,1.000000,1.000000,1.000000,1,f487a452107909a7
simple_np_vp,6,2,1.000000,3,10,4,4,7,7,1.000000,1.000000,1.000000,1.000000,1,7bfac1e99e559577
simple_np_vp,6,3,1.000000,3,10,4,4,7,7,1.000000,1.000000,1.000000,1.000000,1,7bfac1e99e559577
simple_np_vp,6,4,1.000000,3,10,4,4,7,7,1.000000,1.000000,1.000000,1.000000,1,7bfac1e99e559577
transitive,6,0,0.050000,1,10,10,1,2,2,0.181762,0.160430,0.999679,1.000000,0,4e03c12ddb702b40
transitive,6,1,0.050000,1,10,10,1,4,5,0.206771,0.190474,0.999179,1.000000,0,763cf5daf4bf5827
transitive,6,2,0.050000,1,10,10,1,7,10,0.249782,0.239640,0.998714,1.000000,0,7358638383fad982
transitive,6,3,0.050000,1,10,10,1,7,12,0.221993,0.212162,0.998500,1.000000,0,7358638383fad982
transitive,6,4,0.050000,1,10,10,1,7,13,0.214054,0.204029,0.998429,1.000000,0,7358638383fad982
transitive,6,0,0.050000,2,10,10,1,2,2,0.181762,0.160430,0.999679,1.000000,0,7a8525915dbbff50
transitive,6,1,0.050000,2,10,10,1,4,5,0.206769,0.184584,0.999179,1.000000,0,d004afd2d1c43e37
transitive,6,2,0.050000,2,10,10,1,7,10,0.249777,0.223714,0.998714,1.000000,0,6f996e34318a2b43
transitive,6,3,0.050000,2,10,10,1,10,12,0.315502,0.288876,0.998607,1.000000,0,11c7f8dbf8321338
transitive,6,4,0.050000,2,10,10,1,13,13,0.386771,0.363674,0.998643,1.000000,0,f2a188887542e433
transitive,6,0,0.050000,3,10,10,1,2,2,0.181762,0.160430,0.999679,1.000000,0,4e03c12ddb702b40
transitive,6,1,0.050000,3,10,10,1,4,5,0.206771,0.190474,0.999179,1.000000,0,763cf5daf4bf5827
transitive,6,2,0.050000,3,10,10,1,7,10,0.249782,0.239640,0.998714,1.000000,0,7358638383fad982
transitive,6,3,0.050000,3,10,10,1,7,12,0.221993,0.212162,0.998500,1.000000,0,7358638383fad982
transitive,6,4,0.050000,3,10,10,1,7,13,0.214054,0.204029,0.998429,1.000000,0,7358638383fad982
transitive,6,0,0.100000,1,10,10,1,2,2,0.181762,0.160430,0.999679,1.000000,0,4e03c12ddb702b40
transitive,6,1,0.100000,1,10,10,1,4,5,0.206771,0.190474,0.999179,1.000000,0,763cf5daf4bf5827
transitive,6,2,0.100000,1,10,10,1,7,10,0.249782,0.239640,0.998714,1.000000,0,7358638383fad982
transitive,6,3,0.100000,1,10,10,1,7,12,0.221993,0.212162,0.998500,1.000000,0,7358638383fad982
transitive,6,4,0.100000,1,10,10,1,7,13,0.214054,0.204029,0.998429,1.000000,0,7358638383fad982
transitive,6,0,0.100000,2,10,10,1,2,2,0.181762,0.160430,0.999679,1.000000,0,7a8525915dbbff50
transitive,6,1,0.100000,2,10,10,1,4,5,0.206769,0.184584,0.999179,1.000000,0,d004afd2d1c43e37
transitive,6,2,0.100000,2,10,10,1,7,10,0.249777,0.223714,0.998714,1.000000,0,6f996e34318a2b43
transitive,6,3,0.100000,2,10,10,1,10,12,0.315502,0.288876,0.998607,1.000000,0,11c7f8dbf8321338
transitive,6,4,0.100000,2,10,10,1,13,13,0.386771,0.363674,0.998643,1.000000,0,f2a188887542e433
transitive,6,0,0.100000,3,10,10,1,2,2,0.181762,0.160430,0.999679,1.000000,0,4e03c12ddb702b40
transitive,6,1,0.100000,3,10,10,1,4,5,0.206771,0.190474,0.999179,1.000000,0,763cf5daf4bf5827
transitive,6,2,0.100000,3,10,10,1,7,10,0.249782,0.239640,0.998714,1.000000,0,7358638383fad982
transitive,6,3,0.100000,3,10,10,1,7,12,0.221993,0.212162,0.998500,1.000000,0,7358638383fad982
transitive,6,4,0.100000,3,10,10,1,7,13,0.214054,0.204029,0.998429,1.000000,0,7358638383fad982
transitive,6,0,0.200000,1,10,10,2,2,2,0.333246,0.294245,0.999714,1.000000,0,2b4f2f63d62b9d61
transitive,6,1,0.200000,1,10,10,2,5,5,0.374815,0.338438,0.999286,1.000000,0,b6d7bf3132e45873
transitive,6,2,0.200000,1,10,10,2,10,10,0.444150,0.409889,0.998928,1.000000,0,6e6d9dc3823d7818
transitive,6,3,0.200000,1,10,10,2,12,12,0.451279,0.416259,0.998786,1.000000,0,a0820f156d905742
transitive,6,4,0.200000,1,10,10,2,13,13,0.461191,0.426074,0.998750,1.000000,0,96a7913b46f38e6b
transitive,6,0,0.200000,2,10,10,2,2,2,0.333246,0.294245,0.999714,1.000000,0,553eea027984ff21
transitive,6,1,0.200000,2,10,10,2,5,5,0.374814,0.335229,0.999286,1.000000,0,c0b979aff77a56b5
transitive,6,2,0.200000,2,10,10,2,11,10,0.444147,0.398482,0.998928,1.000000,0,879ed74e71db2080
transitive,6,3,0.200000,2,10,10,2,16,12,0.522740,0.479248,0.998893,1.000000,0,24907a3c6083e622
transitive,6,4,0.200000,2,10,10,2,20,13,0.591212,0.553031,0.998964,1.000000,0,e3e68231a39928f6
transitive,6,0,0.200000,3,10,10,2,2,2,0.333246,0.294245,0.999714,1.000000,0,b7d870103e410bf1
transitive,6,1,0.200000,3,10,10,2,5,5,0.374815,0.338438,0.999286,1.000000,0,9c782794fb2aa703
transitive,6,2,0.200000,3,10,10,2,10,10,0.444150,0.409889,0.998928,1.000000,0,22f18c0b73fe6818
transitive,6,3,0.200000,3,10,10,2,13,12,0.475855,0.444585,0.998821,1.000000,0,b3243b01a3275afc
transitive,6,4,0.200000,3,10,10,2,15,13,0.507115,0.478719,0.998821,1.000000,0,b027d5dc016dee73
transitive,6,0,0.400000,1,10,10,4,2,2,0.571324,0.512044,0.999786,1.000000,0,132f993ebbcc08a1
transitive,6,1,0.400000,1,10,10,4,5,5,0.631387,0.578705,0.999500,1.000000,0,c853d2ef1256a433
transitive,6,2,0.400000,1,10,10,4,11,10,0.707438,0.658575,0.999321,1.000000,0,e2a94f4a0f50ffd2
transitive,6,3,0.400000,1,10,10,4,15,12,0.752990,0.709962,0.999321,1.000000,0,51fa94a33422134c
transitive,6,4,0.400000,1,10,10,4,18,13,0.780242,0.741477,0.999357,1.000000,0,b2c7bd86fdba1527
transitive,6,0,0.400000,2,10,10,4,2,2,0.571324,0.512044,0.999786,1.000000,0,6d8222472a1a2a61
transitive,6,1,0.400000,2,10,10,4,6,5,0.631386,0.575857,0.999500,1.000000,0,1365f7b084934261
transitive,6,2,0.400000,2,10,10,4,14,10,0.727028,0.673987,0.999357,1.000000,0,64dd270513c2aca3
transitive,6,3,0.400000,2,10,10,4,19,12,0.768984,0.720263,0.999357,1.000000,0,c9d6f578b8285125
transitive,6,4,0.400000,2,10,10,4,22,13,0.794945,0.750476,0.999392,1.000000,0,8fc6d510a04d35fd
transitive,6,0,0.400000,3,10,10,4,2,2,0.571324,0.512044,0.999786,1.000000,0,949b0101ef807b91
transitive,6,1,0.400000,3,10,10,4,5,5,0.631388,0.585094,0.999500,1.000000,0,e744247751831dd6
transitive,6,2,0.400000,3,10,10,4,12,10,0.687236,0.642882,0.999285,1.000000,0,88ba5b19de4cd44f
transitive,6,3,0.400000,3,10,10,4,16,12,0.702414,0.658324,0.999214,1.000000,0,ad18f45fd403a2b3
transitive,6,4,0.400000,3,10,10,4,19,13,0.717658,0.674588,0.999214,1.000000,0,d24563cc1969a488
transitive,6,0,0.800000,1,10,10,8,2,2,0.888839,0.843069,0.999929,1.000000,0,3c03c6a9c77e3f71
transitive,6,1,0.800000,1,10,10,8,6,5,0.916596,0.880300,0.999857,1.000000,0,de59e8b42811a945
transitive,6,2,0.800000,1,10,10,8,14,10,0.949934,0.919900,0.999857,1.000000,0,d1187420ac59337e
transitive,6,3,0.800000,1,10,10,8,18,12,0.956456,0.926667,0.999857,1.000000,0,8f670756cfdb4623
transitive,6,4,0.800000,1,10,10,8,20,13,0.958268,0.928656,0.999857,1.000000,0,6ad4f548f499e391
transitive,6,0,0.800000,2,10,10,8,2,2,0.888839,0.843069,0.999929,1.000000,0,d1aac6a7cecbf5a1
transitive,6,1,0.800000,2,10,10,8,7,5,0.916596,0.877777,0.999857,1.000000,0,e3d7cc2d24dc8e06
transitive,6,2,0.800000,2,10,10,8,18,10,0.949933,0.913810,0.999857,1.000000,0,5f39073f2c7651c6
transitive,6,3,0.800000,2,10,10,8,24,12,0.956455,0.918752,0.999857,1.000000,0,a7e2b1254b7c79d3
transitive,6,4,0.800000,2,10,10,8,27,13,0.958267,0.919834,0.999857,1.000000,0,c37aa02c40226b48
transitive,6,0,0.800000,3,10,10,8,2,2,0.888839,0.843069,0.999929,1.000000,0,4fe596652920fb71
transitive,6,1,0.800000,3,10,10,8,6,5,0.916596,0.880300,0.999857,1.000000,0,4f9471236e317545
transitive,6,2,0.800000,3,10,10,8,14,10,0.949934,0.919900,0.999857,1.000000,0,8bfec908eef5337e
transitive,6,3,0.800000,3,10,10,8,18,12,0.956456,0.926667,0.999857,1.000000,0,59d93a45fe64be23
transitive,6,4,0.800000,3,10,10,8,20,13,0.958268,0.928656,0.999857,1.000000,0,3f281bd000077191
transitive,6,0,1.000000,1,10,10,10,2,2,1.000000,1.000000,1.000000,1.000000,1,20569cfca1557891
transitive,6,1,1.000000,1,10,10,10,5,5,1.000000,1.000000,1.000000,1.000000,1,22b4e7b2e52aa156
transitive,6,2,1.000000,1,10,10,10,10,10,1.000000,1.000000,1.000000,1.000000,1,601c51c987a46e9a
transitive,6,3,1.000000,1,10,10,10,12,12,1.000000,1.000000,1.000000,1.000000,1,06f76a6d929e189c
transitive,6,4,1.000000,1,10,10,10,13,13,1.000000,1.000000,1.000000,1.000000,1,d2e2cf4b60c7e05d
transitive,6,0,1.000000,2,10,10,10,2,2,1.000000,1.000000,1.000000,1.000000,1,20569cfca1557891
transitive,6,1,1.000000,2,10,10,10,5,5,1.000000,1.000000,1.000000,1.000000,1,22b4e7b2e52aa156
transitive,6,2,1.000000,2,10,10,10,10,10,1.000000,1.000000,1.000000,1.000000,1,601c51c987a46e9a
transitive,6,3,1.000000,2,10,10,10,12,12,1.000000,1.000000,1.000000,1.000000,1,06f76a6d929e189c
transitive,6,4,1.000000,2,10,10,10,13,13,1.000000,1.000000,1.000000,1.000000,1,d2e2cf4b60c7e05d
transitive,6,0,1.000000,3,10,10,10,2,2,1.000000,1.000000,1.000000,1.000000,1,20569cfca1557891
transitive,6,1,1.000000,3,10,10,10,5,5,1.000000,1.000000,1.000000,1.000000,1,22b4e7b2e52aa156
transitive,6,2,1.000000,3,10,10,10,10,10,1.000000,1.000000,1.000000,1.000000,1,601c51c987a46e9a
transitive,6,3,1.000000,3,10,10,10,12,12,1.000000,1.000000,1.000000,1.000000,1,06f76a6d929e189c
transitive,6,4,1.000000,3,10,10,10,13,13,1.000000,1.000000,1.000000,1.000000,1,d2e2cf4b60c7e05d
recursive_modifier,6,0,0.050000,1,10,255,13,2,2,0.124826,0.107992,0.998567,1.000000,0,930c5b393cc27f30
recursive_modifier,6,1,0.050000,1,10,255,13,4,4,0.165721,0.141302,0.992846,0.999999,0,d4b4ba5bcdb73547
recursive_modifier,6,2,0.050000,1,10,255,13,8,7,0.143380,0.125502,0.980847,0.999997,0,95b9836458d9e3a9
recursive_modifier,6,3,0.050000,1,10,255,13,17,8,0.225804,0.197390,0.970816,0.999987,0,b3f70cc78bc45384
recursive_modifier,6,4,0.050000,1,10,255,13,40,8,0.457968,0.375480,0.976499,0.999967,0,655115fa8e9314fa
recursive_modifier,6,0,0.050000,2,10,255,13,2,2,0.124826,0.107992,0.998567,1.000000,0,293a6b6f33a65420
recursive_modifier,6,1,0.050000,2,10,255,13,4,4,0.074545,0.065282,0.992440,1.000000,0,2b0e661fe62af027
recursive_modifier,6,2,0.050000,2,10,255,13,8,7,0.083215,0.073036,0.980145,0.999998,0,e22d3ec47e55f7a9
recursive_modifier,6,3,0.050000,2,10,255,13,19,8,0.202076,0.174003,0.970318,0.999988,0,2c896fef1ed0470e
recursive_modifier,6,4,0.050000,2,10,255,13,45,8,0.428989,0.348556,0.975698,0.999969,0,aa121e4b33a2e34c
recursive_modifier,6,0,0.050000,3,10,255,13,1,2,0.000000,0.000000,0.998465,1.000000,0,5156104c171dd5e2
recursive_modifier,6,1,0.050000,3,10,255,13,3,4,0.050305,0.042666,0.992338,1.000000,0,4e889289561d95c3
recursive_modifier,6,2,0.050000,3,10,255,13,7,7,0.126528,0.107878,0.980646,0.999997,0,5bdbb76a668f0d90
recursive_modifier,6,3,0.050000,3,10,255,13,17,8,0.230423,0.198860,0.970914,0.999986,0,05cd841bc505435b
recursive_modifier,6,4,0.050000,3,10,255,13,43,8,0.457965,0.371647,0.976499,0.999967,0,8b56f236a4633ae4
recursive_modifier,6,0,0.100000,1,10,255,26,2,2,0.124826,0.107992,0.998567,1.000000,0,930c5b393cc27f30
recursive_modifier,6,1,0.100000,1,10,255,26,4,4,0.165721,0.141302,0.992846,0.999999,0,d4b4ba5bcdb73547
recursive_modifier,6,2,0.100000,1,10,255,26,9,7,0.207692,0.177887,0.981649,0.999995,0,92fba957c70b5072
recursive_modifier,6,3,0.100000,1,10,255,26,24,8,0.351894,0.300198,0.973703,0.999979,0,ac4c5f4d735b2b64
recursive_modifier,6,4,0.100000,1,10,255,26,65,8,0.654426,0.522619,0.982846,0.999951,0,eda7403c3856f7e6
recursive_modifier,6,0,0.100000,2,10,255,26,2,2,0.124826,0.107992,0.998567,1.000000,0,293a6b6f33a65420
recursive_modifier,6,1,0.100000,2,10,255,26,4,4,0.121232,0.104203,0.992643,0.999999,0,3cd8426ddc264d34
recursive_modifier,6,2,0.100000,2,10,255,26,9,7,0.167996,0.143897,0.981147,0.999996,0,7139cc679ca18621
recursive_modifier,6,3,0.100000,2,10,255,26,23,8,0.323056,0.275368,0.973004,0.999980,0,5931f4373a3428aa
recursive_modifier,6,4,0.100000,2,10,255,26,67,8,0.623662,0.494415,0.981733,0.999952,0,0d7a6dc87f25c42a
recursive_modifier,6,0,0.100000,3,10,255,26,2,2,0.124826,0.107992,0.998567,1.000000,0,2b6d0b42d9945230
recursive_modifier,6,1,0.100000,3,10,255,26,4,4,0.165721,0.141302,0.992846,0.999999,0,2dfaf51b4a4558f7
recursive_modifier,6,2,0.100000,3,10,255,26,8,7,0.238249,0.204289,0.982051,0.999994,0,f131163952d46438
recursive_modifier,6,3,0.100000,3,10,255,26,26,8,0.402949,0.343150,0.975001,0.999976,0,1a064343cbd1ae55
recursive_modifier,6,4,0.100000,3,10,255,26,73,8,0.651742,0.520623,0.982746,0.999952,0,057ecf6fcaa185ed
recursive_modifier,6,0,0.200000,1,10,255,51,2,2,0.124826,0.107992,0.998567,1.000000,0,930c5b393cc27f30
recursive_modifier,6,1,0.200000,1,10,255,51,4,4,0.248701,0.210907,0.993253,0.999999,0,5760a16046f3a7c7
recursive_modifier,6,2,0.200000,1,10,255,51,10,7,0.310322,0.263877,0.983057,0.999992,0,25ccb6819cfadc73
recursive_modifier,6,3,0.200000,1,10,255,51,35,8,0.522988,0.439930,0.978410,0.999967,0,3656e02db0b82501
recursive_modifier,6,4,0.200000,1,10,255,51,107,8,0.814346,0.641080,0.989568,0.999940,0,582b7b5d039f72cd
recursive_modifier,6,0,0.200000,2,10,255,51,2,2,0.234999,0.202640,0.998669,1.000000,0,4eac0a7fc07c82a1
recursive_modifier,6,1,0.200000,2,10,255,51,4,4,0.187207,0.161226,0.992948,0.999999,0,84bceedb042a8f64
recursive_modifier,6,2,0.200000,2,10,255,51,10,7,0.296366,0.252027,0.982856,0.999992,0,6cf65232e39502d9
recursive_modifier,6,3,0.200000,2,10,255,51,33,8,0.496348,0.418568,0.977607,0.999969,0,76a49f771fce3bab
recursive_modifier,6,4,0.200000,2,10,255,51,106,8,0.796918,0.623309,0.988749,0.999940,0,27e373228f1bbdfe
recursive_modifier,6,0,0.200000,3,10,255,51,2,2,0.124826,0.107992,0.998567,1.000000,0,2b6d0b42d9945230
recursive_modifier,6,1,0.200000,3,10,255,51,4,4,0.248701,0.210907,0.993253,0.999999,0,230cd3bda3553d37
recursive_modifier,6,2,0.200000,3,10,255,51,9,7,0.363960,0.311335,0.983863,0.999991,0,0a4a549f067ab277
recursive_modifier,6,3,0.200000,3,10,255,51,33,8,0.542430,0.459497,0.979015,0.999967,0,618ac11f1a14c4fd
recursive_modifier,6,4,0.200000,3,10,255,51,105,8,0.816493,0.643283,0.989671,0.999939,0,dba00f70198dc5fb
recursive_modifier,6,0,0.400000,1,10,255,102,2,2,0.499552,0.435745,0.998976,1.000000,0,cde3c162c39c4c50
recursive_modifier,6,1,0.400000,1,10,255,102,4,4,0.572302,0.498005,0.995289,0.999997,0,8cb991e03b79e507
recursive_modifier,6,2,0.400000,1,10,255,102,12,7,0.578998,0.502506,0.987706,0.999987,0,726499e24a1e996e
recursive_modifier,6,3,0.400000,1,10,255,102,42,8,0.756201,0.644577,0.986916,0.999957,0,8356c0724c3f5932
recursive_modifier,6,4,0.400000,1,10,255,102,155,8,0.934579,0.734145,0.995951,0.999934,0,c6ce94e9cb004439
recursive_modifier,6,0,0.400000,2,10,255,102,2,2,0.420628,0.364695,0.998874,1.000000,0,2485c0067cd771c1
recursive_modifier,6,1,0.400000,2,10,255,102,4,4,0.531540,0.459872,0.994983,0.999997,0,c1e32e1b97275d17
recursive_modifier,6,2,0.400000,2,10,255,102,12,7,0.635794,0.549048,0.988924,0.999986,0,1e0143eed5cb64af
recursive_modifier,6,3,0.400000,2,10,255,102,46,8,0.765564,0.655452,0.987324,0.999956,0,c31095c34fe02e80
recursive_modifier,6,4,0.400000,2,10,255,102,162,8,0.936332,0.735776,0.996055,0.999934,0,f86716a28f61491f
recursive_modifier,6,0,0.400000,3,10,255,102,2,2,0.332958,0.287495,0.998772,1.000000,0,260da75239bbee20
recursive_modifier,6,1,0.400000,3,10,255,102,4,4,0.488405,0.420250,0.994677,0.999997,0,e774042e5add69c7
recursive_modifier,6,2,0.400000,3,10,255,102,12,7,0.598410,0.515665,0.988111,0.999986,0,fb262616b416475c
recursive_modifier,6,3,0.400000,3,10,255,102,47,8,0.739515,0.630021,0.986203,0.999957,0,f7ce9d454055fb31
recursive_modifier,6,4,0.400000,3,10,255,102,163,8,0.920384,0.718536,0.995124,0.999934,0,43db8c4993231c5b
recursive_modifier,6,0,0.800000,1,10,255,204,2,2,0.799672,0.731706,0.999488,1.000000,0,f69b68f744f91d01
recursive_modifier,6,1,0.800000,1,10,255,204,4,4,0.858326,0.794093,0.998050,0.999998,0,11c8f8a720453a97
recursive_modifier,6,2,0.800000,1,10,255,204,12,7,0.892462,0.824472,0.995977,0.999990,0,332ba5cfcef3185d
recursive_modifier,6,3,0.800000,1,10,255,204,39,8,0.942091,0.856701,0.996366,0.999970,0,324f4767f07add92
recursive_modifier,6,4,0.800000,1,10,255,204,110,8,0.980078,0.822031,0.998751,0.999940,0,bdf86f8b51de52b8
recursive_modifier,6,0,0.800000,2,10,255,204,2,2,0.799672,0.731706,0.999488,1.000000,0,9b13b90c0237ef61
recursive_modifier,6,1,0.800000,2,10,255,204,4,4,0.841083,0.773841,0.997845,0.999998,0,372220e3d31bfc14
recursive_modifier,6,2,0.800000,2,10,255,204,13,7,0.864428,0.790320,0.995053,0.999989,0,f2c6eab0c72d2cf8
recursive_modifier,6,3,0.800000,2,10,255,204,40,8,0.929805,0.838247,0.995641,0.999967,0,10a207d9f574728f
recursive_modifier,6,4,0.800000,2,10,255,204,120,8,0.978460,0.816066,0.998647,0.999940,0,c8896f8d46981730
recursive_modifier,6,0,0.800000,3,10,255,204,2,2,0.695240,0.622239,0.999283,1.000000,0,1467747aaa8da781
recursive_modifier,6,1,0.800000,3,10,255,204,4,4,0.786132,0.711898,0.997230,0.999997,0,bcc5623fae2dec34
recursive_modifier,6,2,0.800000,3,10,255,204,13,7,0.854779,0.779230,0.994745,0.999988,0,2a2462286667f779
recursive_modifier,6,3,0.800000,3,10,255,204,42,8,0.920860,0.824943,0.995125,0.999965,0,6e806672c12f16d1
recursive_modifier,6,4,0.800000,3,10,255,204,119,8,0.971945,0.807637,0.998232,0.999940,0,f3aba081f9a8303e
recursive_modifier,6,0,1.000000,1,10,255,255,2,2,1.000000,1.000000,1.000000,1.000000,1,3057197b9feade10
recursive_modifier,6,1,1.000000,1,10,255,255,4,4,1.000000,1.000000,1.000000,1.000000,1,a9022b1b5819d247
recursive_modifier,6,2,1.000000,1,10,255,255,7,7,1.000000,1.000000,1.000000,1.000000,1,824e592a01754af2
recursive_modifier,6,3,1.000000,1,10,255,255,8,8,1.000000,1.000000,1.000000,1.000000,1,5a12c69782d2689e
recursive_modifier,6,4,1.000000,1,10,255,255,8,8,1.000000,1.000000,1.000000,1.000000,1,5a12c69782d2689e
recursive_modifier,6,0,1.000000,2,10,255,255,2,2,1.000000,1.000000,1.000000,1.000000,1,3057197b9feade10
recursive_modifier,6,1,1.000000,2,10,255,255,4,4,1.000000,1.000000,1.000000,1.000000,1,a9022b1b5819d247
recursive_modifier,6,2,1.000000,2,10,255,255,7,7,1.000000,1.000000,1.000000,1.000000,1,824e592a01754af2
recursive_modifier,6,3,1.000000,2,10,255,255,8,8,1.000000,1.000000,1.000000,1.000000,1,5a12c69782d2689e
recursive_modifier,6,4,1.000000,2,10,255,255,8,8,1.000000,1.000000,1.000000,1.000000,1,5a12c69782d2689e
recursive_modifier,6,0,1.000000,3,10,255,255,2,2,1.000000,1.000000,1.000000,1.000000,1,3057197b9feade10
recursive_modifier,6,1,1.000000,3,10,255,255,4,4,1.000000,1.000000,1.000000,1.000000,1,a9022b1b5819d247
recursive_modifier,6,2,1.000000,3,10,255,255,7,7,1.000000,1.000000,1.000000,1.000000,1,824e592a01754af2
recursive_modifier,6,3,1.000000,3,10,255,255,8,8,1.000000,1.000000,1.000000,1.000000,1,5a12c69782d2689e
recursive_modifier,6,4,1.000000,3,10,255,255,8,8,1.000000,1.000000,1.000000,1.000000,1,5a12c69782d2689e
observationally_equivalent_categories,6,0,0.050000,1,10,2,1,2,2,0.666463,0.599283,0.999634,1.000000,0,b73e6d4284af7d80
observationally_equivalent_categories,6,1,0.050000,1,10,2,1,4,4,0.666218,0.599289,0.998901,1.000000,0,7d43cc7e37a1d727
observationally_equivalent_categories,6,2,0.050000,1,10,2,1,7,7,0.749427,0.703224,0.998534,1.000000,0,2eac3181bf1b5b12
observationally_equivalent_categories,6,3,0.050000,1,10,2,1,7,7,0.749427,0.703224,0.998534,1.000000,0,2eac3181bf1b5b12
observationally_equivalent_categories,6,4,0.050000,1,10,2,1,7,7,0.749427,0.703224,0.998534,1.000000,0,2eac3181bf1b5b12
observationally_equivalent_categories,6,0,0.050000,2,10,2,1,2,2,0.666463,0.599283,0.999634,1.000000,0,b73e6d4284af7d80
observationally_equivalent_categories,6,1,0.050000,2,10,2,1,4,4,0.666218,0.599289,0.998901,1.000000,0,7d43cc7e37a1d727
observationally_equivalent_categories,6,2,0.050000,2,10,2,1,7,7,0.749427,0.703224,0.998534,1.000000,0,2eac3181bf1b5b12
observationally_equivalent_categories,6,3,0.050000,2,10,2,1,7,7,0.749427,0.703224,0.998534,1.000000,0,2eac3181bf1b5b12
observationally_equivalent_categories,6,4,0.050000,2,10,2,1,7,7,0.749427,0.703224,0.998534,1.000000,0,2eac3181bf1b5b12
observationally_equivalent_categories,6,0,0.050000,3,10,2,1,2,2,0.666463,0.599283,0.999634,1.000000,0,2cee00b4b48ff140
observationally_equivalent_categories,6,1,0.050000,3,10,2,1,4,4,0.666218,0.599289,0.998901,1.000000,0,36a21db463dc48d7
observationally_equivalent_categories,6,2,0.050000,3,10,2,1,7,7,0.749427,0.703224,0.998534,1.000000,0,c95c0e508c756451
observationally_equivalent_categories,6,3,0.050000,3,10,2,1,7,7,0.749427,0.703224,0.998534,1.000000,0,c95c0e508c756451
observationally_equivalent_categories,6,4,0.050000,3,10,2,1,7,7,0.749427,0.703224,0.998534,1.000000,0,c95c0e508c756451
observationally_equivalent_categories,6,0,0.100000,1,10,2,1,2,2,0.666463,0.599283,0.999634,1.000000,0,b73e6d4284af7d80
observationally_equivalent_categories,6,1,0.100000,1,10,2,1,4,4,0.666218,0.599289,0.998901,1.000000,0,7d43cc7e37a1d727
observationally_equivalent_categories,6,2,0.100000,1,10,2,1,7,7,0.749427,0.703224,0.998534,1.000000,0,2eac3181bf1b5b12
observationally_equivalent_categories,6,3,0.100000,1,10,2,1,7,7,0.749427,0.703224,0.998534,1.000000,0,2eac3181bf1b5b12
observationally_equivalent_categories,6,4,0.100000,1,10,2,1,7,7,0.749427,0.703224,0.998534,1.000000,0,2eac3181bf1b5b12
observationally_equivalent_categories,6,0,0.100000,2,10,2,1,2,2,0.666463,0.599283,0.999634,1.000000,0,b73e6d4284af7d80
observationally_equivalent_categories,6,1,0.100000,2,10,2,1,4,4,0.666218,0.599289,0.998901,1.000000,0,7d43cc7e37a1d727
observationally_equivalent_categories,6,2,0.100000,2,10,2,1,7,7,0.749427,0.703224,0.998534,1.000000,0,2eac3181bf1b5b12
observationally_equivalent_categories,6,3,0.100000,2,10,2,1,7,7,0.749427,0.703224,0.998534,1.000000,0,2eac3181bf1b5b12
observationally_equivalent_categories,6,4,0.100000,2,10,2,1,7,7,0.749427,0.703224,0.998534,1.000000,0,2eac3181bf1b5b12
observationally_equivalent_categories,6,0,0.100000,3,10,2,1,2,2,0.666463,0.599283,0.999634,1.000000,0,2cee00b4b48ff140
observationally_equivalent_categories,6,1,0.100000,3,10,2,1,4,4,0.666218,0.599289,0.998901,1.000000,0,36a21db463dc48d7
observationally_equivalent_categories,6,2,0.100000,3,10,2,1,7,7,0.749427,0.703224,0.998534,1.000000,0,c95c0e508c756451
observationally_equivalent_categories,6,3,0.100000,3,10,2,1,7,7,0.749427,0.703224,0.998534,1.000000,0,c95c0e508c756451
observationally_equivalent_categories,6,4,0.100000,3,10,2,1,7,7,0.749427,0.703224,0.998534,1.000000,0,c95c0e508c756451
observationally_equivalent_categories,6,0,0.200000,1,10,2,1,2,2,0.666463,0.599283,0.999634,1.000000,0,b73e6d4284af7d80
observationally_equivalent_categories,6,1,0.200000,1,10,2,1,4,4,0.666218,0.599289,0.998901,1.000000,0,7d43cc7e37a1d727
observationally_equivalent_categories,6,2,0.200000,1,10,2,1,7,7,0.749427,0.703224,0.998534,1.000000,0,2eac3181bf1b5b12
observationally_equivalent_categories,6,3,0.200000,1,10,2,1,7,7,0.749427,0.703224,0.998534,1.000000,0,2eac3181bf1b5b12
observationally_equivalent_categories,6,4,0.200000,1,10,2,1,7,7,0.749427,0.703224,0.998534,1.000000,0,2eac3181bf1b5b12
observationally_equivalent_categories,6,0,0.200000,2,10,2,1,2,2,0.666463,0.599283,0.999634,1.000000,0,b73e6d4284af7d80
observationally_equivalent_categories,6,1,0.200000,2,10,2,1,4,4,0.666218,0.599289,0.998901,1.000000,0,7d43cc7e37a1d727
observationally_equivalent_categories,6,2,0.200000,2,10,2,1,7,7,0.749427,0.703224,0.998534,1.000000,0,2eac3181bf1b5b12
observationally_equivalent_categories,6,3,0.200000,2,10,2,1,7,7,0.749427,0.703224,0.998534,1.000000,0,2eac3181bf1b5b12
observationally_equivalent_categories,6,4,0.200000,2,10,2,1,7,7,0.749427,0.703224,0.998534,1.000000,0,2eac3181bf1b5b12
observationally_equivalent_categories,6,0,0.200000,3,10,2,1,2,2,0.666463,0.599283,0.999634,1.000000,0,2cee00b4b48ff140
observationally_equivalent_categories,6,1,0.200000,3,10,2,1,4,4,0.666218,0.599289,0.998901,1.000000,0,36a21db463dc48d7
observationally_equivalent_categories,6,2,0.200000,3,10,2,1,7,7,0.749427,0.703224,0.998534,1.000000,0,c95c0e508c756451
observationally_equivalent_categories,6,3,0.200000,3,10,2,1,7,7,0.749427,0.703224,0.998534,1.000000,0,c95c0e508c756451
observationally_equivalent_categories,6,4,0.200000,3,10,2,1,7,7,0.749427,0.703224,0.998534,1.000000,0,c95c0e508c756451
observationally_equivalent_categories,6,0,0.400000,1,10,2,1,2,2,0.666463,0.599283,0.999634,1.000000,0,b73e6d4284af7d80
observationally_equivalent_categories,6,1,0.400000,1,10,2,1,4,4,0.666218,0.599289,0.998901,1.000000,0,7d43cc7e37a1d727
observationally_equivalent_categories,6,2,0.400000,1,10,2,1,7,7,0.749427,0.703224,0.998534,1.000000,0,2eac3181bf1b5b12
observationally_equivalent_categories,6,3,0.400000,1,10,2,1,7,7,0.749427,0.703224,0.998534,1.000000,0,2eac3181bf1b5b12
observationally_equivalent_categories,6,4,0.400000,1,10,2,1,7,7,0.749427,0.703224,0.998534,1.000000,0,2eac3181bf1b5b12
observationally_equivalent_categories,6,0,0.400000,2,10,2,1,2,2,0.666463,0.599283,0.999634,1.000000,0,b73e6d4284af7d80
observationally_equivalent_categories,6,1,0.400000,2,10,2,1,4,4,0.666218,0.599289,0.998901,1.000000,0,7d43cc7e37a1d727
observationally_equivalent_categories,6,2,0.400000,2,10,2,1,7,7,0.749427,0.703224,0.998534,1.000000,0,2eac3181bf1b5b12
observationally_equivalent_categories,6,3,0.400000,2,10,2,1,7,7,0.749427,0.703224,0.998534,1.000000,0,2eac3181bf1b5b12
observationally_equivalent_categories,6,4,0.400000,2,10,2,1,7,7,0.749427,0.703224,0.998534,1.000000,0,2eac3181bf1b5b12
observationally_equivalent_categories,6,0,0.400000,3,10,2,1,2,2,0.666463,0.599283,0.999634,1.000000,0,2cee00b4b48ff140
observationally_equivalent_categories,6,1,0.400000,3,10,2,1,4,4,0.666218,0.599289,0.998901,1.000000,0,36a21db463dc48d7
observationally_equivalent_categories,6,2,0.400000,3,10,2,1,7,7,0.749427,0.703224,0.998534,1.000000,0,c95c0e508c756451
observationally_equivalent_categories,6,3,0.400000,3,10,2,1,7,7,0.749427,0.703224,0.998534,1.000000,0,c95c0e508c756451
observationally_equivalent_categories,6,4,0.400000,3,10,2,1,7,7,0.749427,0.703224,0.998534,1.000000,0,c95c0e508c756451
observationally_equivalent_categories,6,0,0.800000,1,10,2,2,2,2,1.000000,1.000000,1.000000,1.000000,1,44b6e258cb156d11
observationally_equivalent_categories,6,1,0.800000,1,10,2,2,4,4,1.000000,1.000000,1.000000,1.000000,1,601765b5a8efd467
observationally_equivalent_categories,6,2,0.800000,1,10,2,2,7,7,1.000000,1.000000,1.000000,1.000000,1,c79f0c97ac8c2d26
observationally_equivalent_categories,6,3,0.800000,1,10,2,2,7,7,1.000000,1.000000,1.000000,1.000000,1,c79f0c97ac8c2d26
observationally_equivalent_categories,6,4,0.800000,1,10,2,2,7,7,1.000000,1.000000,1.000000,1.000000,1,c79f0c97ac8c2d26
observationally_equivalent_categories,6,0,0.800000,2,10,2,2,2,2,1.000000,1.000000,1.000000,1.000000,1,44b6e258cb156d11
observationally_equivalent_categories,6,1,0.800000,2,10,2,2,4,4,1.000000,1.000000,1.000000,1.000000,1,601765b5a8efd467
observationally_equivalent_categories,6,2,0.800000,2,10,2,2,7,7,1.000000,1.000000,1.000000,1.000000,1,c79f0c97ac8c2d26
observationally_equivalent_categories,6,3,0.800000,2,10,2,2,7,7,1.000000,1.000000,1.000000,1.000000,1,c79f0c97ac8c2d26
observationally_equivalent_categories,6,4,0.800000,2,10,2,2,7,7,1.000000,1.000000,1.000000,1.000000,1,c79f0c97ac8c2d26
observationally_equivalent_categories,6,0,0.800000,3,10,2,2,2,2,1.000000,1.000000,1.000000,1.000000,1,44b6e258cb156d11
observationally_equivalent_categories,6,1,0.800000,3,10,2,2,4,4,1.000000,1.000000,1.000000,1.000000,1,601765b5a8efd467
observationally_equivalent_categories,6,2,0.800000,3,10,2,2,7,7,1.000000,1.000000,1.000000,1.000000,1,c79f0c97ac8c2d26
observationally_equivalent_categories,6,3,0.800000,3,10,2,2,7,7,1.000000,1.000000,1.000000,1.000000,1,c79f0c97ac8c2d26
observationally_equivalent_categories,6,4,0.800000,3,10,2,2,7,7,1.000000,1.000000,1.000000,1.000000,1,c79f0c97ac8c2d26
observationally_equivalent_categories,6,0,1.000000,1,10,2,2,2,2,1.000000,1.000000,1.000000,1.000000,1,44b6e258cb156d11
observationally_equivalent_categories,6,1,1.000000,1,10,2,2,4,4,1.000000,1.000000,1.000000,1.000000,1,601765b5a8efd467
observationally_equivalent_categories,6,2,1.000000,1,10,2,2,7,7,1.000000,1.000000,1.000000,1.000000,1,c79f0c97ac8c2d26
observationally_equivalent_categories,6,3,1.000000,1,10,2,2,7,7,1.000000,1.000000,1.000000,1.000000,1,c79f0c97ac8c2d26
observationally_equivalent_categories,6,4,1.000000,1,10,2,2,7,7,1.000000,1.000000,1.000000,1.000000,1,c79f0c97ac8c2d26
observationally_equivalent_categories,6,0,1.000000,2,10,2,2,2,2,1.000000,1.000000,1.000000,1.000000,1,44b6e258cb156d11
observationally_equivalent_categories,6,1,1.000000,2,10,2,2,4,4,1.000000,1.000000,1.000000,1.000000,1,601765b5a8efd467
observationally_equivalent_categories,6,2,1.000000,2,10,2,2,7,7,1.000000,1.000000,1.000000,1.000000,1,c79f0c97ac8c2d26
observationally_equivalent_categories,6,3,1.000000,2,10,2,2,7,7,1.000000,1.000000,1.000000,1.000000,1,c79f0c97ac8c2d26
observationally_equivalent_categories,6,4,1.000000,2,10,2,2,7,7,1.000000,1.000000,1.000000,1.000000,1,c79f0c97ac8c2d26
observationally_equivalent_categories,6,0,1.000000,3,10,2,2,2,2,1.000000,1.000000,1.000000,1.000000,1,44b6e258cb156d11
observationally_equivalent_categories,6,1,1.000000,3,10,2,2,4,4,1.000000,1.000000,1.000000,1.000000,1,601765b5a8efd467
observationally_equivalent_categories,6,2,1.000000,3,10,2,2,7,7,1.000000,1.000000,1.000000,1.000000,1,c79f0c97ac8c2d26
observationally_equivalent_categories,6,3,1.000000,3,10,2,2,7,7,1.000000,1.000000,1.000000,1.000000,1,c79f0c97ac8c2d26
observationally_equivalent_categories,6,4,1.000000,3,10,2,2,7,7,1.000000,1.000000,1.000000,1.000000,1,c79f0c97ac8c2d26
